{ "skeleton": { "images": "C:/Users/enesc/Desktop/boywalk/" },
"PhotoshopToSpine": { "scale": 1, "padding": 3, "trim": true },
"bones": [
	{ "name": "root" }
],
"slots": [
	{ "name": "arm_behind", "bone": "root", "attachment": "arm_behind" },
	{ "name": "leg_behind", "bone": "root", "attachment": "leg_behind" },
	{ "name": "leg_front", "bone": "root", "attachment": "leg_front" },
	{ "name": "body", "bone": "root", "attachment": "body" },
	{ "name": "arm_front", "bone": "root", "attachment": "arm_front" },
	{ "name": "head", "bone": "root", "attachment": "head" },
	{ "name": "eye", "bone": "root", "attachment": "eye" }
],
"skins": {
	"default": {
		"arm_behind": {
			"arm_behind": { "x": 530, "y": -648.5, "width": 124, "height": 285 }
		},
		"leg_behind": {
			"leg_behind": { "x": 539, "y": -819, "width": 134, "height": 258 }
		},
		"leg_front": {
			"leg_front": { "x": 486.5, "y": -815, "width": 163, "height": 292 }
		},
		"body": {
			"body": { "x": 524.5, "y": -444.5, "width": 239, "height": 603 }
		},
		"arm_front": {
			"arm_front": { "x": 444, "y": -650.5, "width": 126, "height": 311 }
		},
		"head": {
			"head": { "x": 508, "y": -317.5, "width": 430, "height": 407 }
		},
		"eye": {
			"eye": { "x": 634, "y": -371, "width": 34, "height": 64 }
		}
	}
},
"animations": { "animation": {} }
}